{
  "gateway_conf": {
    "gateway_ID": "B827EBFFFE292C95",
    "servers": [
      {
        "server_address": "router.eu.thethings.network",
        "serv_port_up": 1700,
        "serv_port_down": 1700,
        "serv_enabled": true
      },
      {
        "server_address": "log.gatewaystats.org",
        "serv_port_up": 1700,
        "serv_port_down": 1700,
        "serv_enabled": true
      }
    ],
    "fake_gps": true,
    "ref_latitude": 45.1545,
    "ref_longitude": 5.8423,
    "ref_altitude": 624,
    "contact_email": "contact@hidnseek.fr",
    "description": "ttn-hidnseek4"
  }
}
