{
  "gateway_conf": {
    "gateway_ID": "B827EBFFFE57D542",
    "servers": [
      {
        "server_address": "router.eu.thethings.network",
        "serv_port_up": 1700,
        "serv_port_down": 1700,
        "serv_enabled": true
      },
      {
        "server_address": "log.gatewaystats.org", 
        "serv_port_up": 1700, 
        "serv_port_down": 1700, 
        "serv_enabled": true
      }
    ],
     "ref_latitude": 51.500000,
     "ref_longitude": 3.183000,
     "ref_altitude": 38,
     "contact_email": "dick.tonyboy@gmail.com",
     "description": "gabalfa @ Cardiff"
  }
}
