{
  "gateway_conf": {
    "gateway_ID": "B827EBFFFE9257B0",
    "servers": [
      {
        "server_address": "88.99.175.85",
        "serv_port_up": 1680,
        "serv_port_down": 1680,
        "serv_enabled": true
      }, 
      {
        "server_address": "mladost.dyndns.org",
        "serv_port_up": 1680,
        "serv_port_down": 1680,
        "serv_enabled": true
      }
    ],
    "ref_latitude": 44.5377,
    "ref_longitude": 19.2275,
    "ref_altitude": 125,
    "contact_email": "kostaman@gmail.com",
    "description": "LoRaWAN_Loznica_1"
  }
}
