{
        "gateway_conf": {
                "gateway_ID": "B827EBFFFE178CAB",
                "servers": [ { "server_address": "router.eu.thethings.network", "serv_port_up": 1700, "serv_port_down": 1700, "serv_enabled": true } ],
                "ref_latitude": 52.29424687,
                "ref_longitude": 6.75826662,
                "ref_altitude": 20,
                "gps": false,
                "contact_email": "tim.stegeman@gmail.com",
                "description": "ttn-ic880a"
        }
}
