{
        "gateway_conf": {
                "gateway_ID": "B827EBFFFE4AC2A9",
                "servers": [ { "server_address": "router.eu.thethings.network", 
                "serv_port_up": 1700, 
                "serv_port_down": 1700, 
                "serv_enabled": true } ],
                "ref_latitude": 50.0358,
                "ref_longitude": 10.5203,
                "ref_altitude": 230,
                "contact_email": "moexe@freifunk-franken-hassfurt.de",
                "description": "ttn-gw-has"
        }
}
