 {
  "gateway_conf": {
    "gateway_ID": "B827EBFFFE739593",
    "servers": [
      {
        "server_address": "router.eu.thethings.network",
        "serv_port_up": 1700,
        "serv_port_down": 1700,
        "serv_enabled": true
      },
        {
        "server_address": "192.168.1.10",
        "serv_port_up": 1680,
        "serv_port_down": 1680,
        "serv_enabled": true
        }
    ],
    "ref_latitude": 22.30659972,
    "ref_longitude": 114.18467329,
    "ref_altitude": 100,
    "contact_email": "mcyu60@gmail.com",
    "description": "Gateway_1 : 1.1.1.1"
  }
}
