{
  "gateway_conf": {
    "gateway_ID": "B827EBFFFE849B5B",
    "servers": [
      {
        "server_address": "router.eu.thethings.network",
        "serv_port_up": 1700,
        "serv_port_down": 1700,
        "serv_enabled": true
      },
      {
        "server_address": "log.gatewaystats.org",
        "serv_port_up": 1700,
        "serv_port_down": 1700,
        "serv_enabled": true
      }
    ],
    "ref_latitude": 42.412798,
    "ref_longitude": 25.5861068,
    "ref_altitude": 320,
    "contact_email": "info@zaralab.org",
    "description": "zaralab.org Gateway 3 @ Stara Zagora"
  }
}
