{
  "gateway_conf": {
    "gateway_ID": "B827EBFFFE23A940",
    "servers": [
      {
        "server_address": "router.eu.thethings.network",
        "serv_port_up": 1700,
        "serv_port_down": 1700,
        "serv_enabled": true
      },
      {
        "server_address": "log.gatewaystats.org", 
        "serv_port_up": 1700, 
        "serv_port_down": 1700, 
        "serv_enabled": true
      }
    ],
     "ref_latitude": 47.233812,
     "ref_longitude": 6.018135,
     "ref_altitude": 246,
     "contact_email": "mike.aski@gatemedia.ch",
     "description": "dev GW @ Besancon"
  }
}
