{
  "gateway_conf": {
    "gateway_ID": "B827EBFFFE379A60",
    "servers": [
      { 
        "server_address": "router.eu.thethings.network", 
        "serv_port_up": 1700,
        "serv_port_down": 1700,
        "serv_enabled": true
      },
      {
        "server_address": "130.255.185.100",
        "serv_port_up": 1700,
        "serv_port_down": 1700,
        "serv_enabled": true
      }
    ],
    "fake_gps": true,
    "ref_latitude": 30.661164,
    "ref_longitude": 76.854813,
    "ref_altitude": 311,
    "contact_email": "kadian.vikram@in-terra.ch",
    "description": "Interra-Gateway @ Chandigarh"
  }
}
