{
	"gateway_conf": {
		"gateway_ID": "B827EBFFFE8EDC58",
		"servers": [ {
                    "server_address": "router.eu.thethings.network", 
                    "serv_port_up": 1700,
                    "serv_port_down": 1700,
                    "serv_enabled": true
                 }
               ],
                "ref_latitude": 31.272222,
                "ref_longitude": 120.741389,
		"ref_altitude": 10,
		"contact_email": "eastww@qq.com",
		"description": "Southeast University" 
	}
}
