{
  "gateway_conf": {
		"gateway_ID": "B827EBFFFE77BC03", 
    "servers": [
      {
        "server_address": "router.eu.thethings.network",
        "serv_port_up": 1700,
        "serv_port_down": 1700,
        "serv_enabled": true
      },
      {
        "server_address": "stats.vie01.openiot.network",
        "serv_port_up": 1700,
        "serv_port_down": 1700,
        "serv_enabled": true
      }
    ],
    "ref_latitude": 48.7537,
    "ref_longitude": 16.6035,
    "ref_altitude": 180,
    "contact_email": "1200gs.win@gmail.com",
    "description": "LGW_City1"
  }
}
