{
  "gateway_conf": {
    "gateway_ID": "B827EBFFFE1E40DC",
    "servers": [
      {
        "server_address": "router.eu.thethings.network",
        "serv_port_up": 1700,
        "serv_port_down": 1700,
        "serv_enabled": true
      }, {
        "server_address": "iot.semtech.com",
        "serv_port_up": 1700,
        "serv_port_down": 1700,
        "serv_enabled": true
      },
      {
        "server_address": "api.loradb.org",
        "serv_port_up": 1780,
        "serv_port_down": 1780,
        "serv_enabled": true
      }
    ],
    "ref_latitude": 46.524513,
    "ref_longitude": 6.629261,
    "ref_altitude": 440,
    "contact_email": "info@octanis.org",
    "description": "Octanis Association @ Lausanne"
  }
}
