{
  "gateway_conf": {
    "gateway_ID": "B827EBFFFE1C86BC",
    "servers": [
      {
        "server_address": "router.eu.thethings.network",
        "serv_port_up": 1700,
        "serv_port_down": 1700,
        "serv_enabled": true
      },
      {
        "server_address": "log.gatewaystats.org",
        "serv_port_up": 1700,
        "serv_port_down": 1700,
        "serv_enabled": true
      }
    ],
    "fake_gps": true,
    "ref_latitude": 52.813408,
    "ref_longitude": -8.443030,
    "ref_altitude": 37,
    "contact_email": "contact@hidnseek.fr",
    "description": "ttn-hidnseek Ireland"
  }
}
