
{
        "gateway_conf": {
                "gateway_ID": "B827EBFFFE1B0665",
                "servers": [ { "server_address": "router.as2.thethings.network", "serv_port_up": 1700, "serv_port_down": 1700, "serv_enabled": true } ],
                "ref_latitude": 16.07579805,
                "ref_longitude": 108.15379913,
                "ref_altitude": 10,
                "gps": false,
                "contact_email": "fabien.ferrero@gmail.com",
                "description": "DaNang UTE"
        }
}
