{ 
        "gateway_conf": { 
                "gateway_ID": "B827EBFFFE22188A", 
                "servers": [ 
                        { 
                                "server_address": "router.eu.thethings.network", 
                                "serv_port_up": 1700, 
                                "serv_port_down": 1700, 
                                "serv_enabled": true 
                        } 
                ], 
                "ref_latitude": 52.539759, 
                "ref_longitude": 17.36188, 
                "ref_altitude": 40, 
                "contact_email": "bartosz.kolodziej@enlyse.com", 
                "description": "Smart City Gniezno ENLYSE" 
        } 
} 



