{
	"gateway_conf": {
		"gateway_ID": "B827EBFFFE4FE18A",
		"servers": [ { "server_address": "router.eu.thethings.network", "serv_port_up": 1700, "serv_port_down": 1700, "serv_enabled": true },
		             { "server_address": "log.gatewaystats.org", "serv_port_up": 1700, "serv_port_down": 1700, "serv_enabled": true } ],
		"fake_gps": true,
		"ref_latitude": 52.261804,
		"ref_longitude": 6.810501,
		"ref_altitude": 20,
		"contact_email": "trooster@interstroom.nl",
		"description": "Interstroom TTN GW02" 
	}
}
