{
         "gateway_conf": {
                 "gateway_ID": "B827EBFFFE0ADEE0",
                 "servers": [
                         {
                                 "server_address":  "thethings.meshed.com.au",
                                 "serv_port_up": 1901,
                                 "serv_port_down": 1901,
                                 "serv_enabled": true
                         }
                 ],
                "gps": false,
                 "ref_latitude": -27.617259,
                 "ref_longitude": 153.215568,
                 "ref_altitude": 255,
                 "contact_email": "pete.kohlmayer@gmail.com",
                 "description": "RAK831 gateway located at the Amateur Radio site at Mount Cotton"
         }
 }
