{
        "gateway_conf": {
                "gateway_ID": "B827EBFFFE78D2A0",
                "servers": [ { "server_address": "router.as1.thethings.network", "serv_port_up": 1700, "serv_port_down": 1700, "serv_enabled": true } ],
                "ref_latitude": 16.07566403,
                "ref_longitude": 108.15345170,
                "ref_altitude": 10,
                "gps": false,
                "contact_email": "fabien.ferrero@gmail.com",
                "description": "DUT Da Nang A145"
        }
}
