{
  "gateway_conf": {
    "gateway_ID": "B827EBFFFE4A5213",
    "servers": [
      {
        "server_address": "router.eu.thethings.network",
        "serv_port_up": 1700,
        "serv_port_down": 1700,
        "serv_enabled": true
      },
      {
        "server_address": "ttn.crdmp.ch",
        "serv_port_up": 1700,
        "serv_port_down": 1700,
        "serv_enabled": true
      }
    ],
    "ref_latitude": 47.2276,
    "ref_longitude": 8.8209,
    "ref_altitude": 419,
    "contact_email": "danilo@coredump.ch",
    "description": "Rapperswil Gateway by coredump.ch"
  }
}
