{
    "gateway_conf" : {
         "gateway_ID" : "B827EBFFFE635B83",
         "servers" : [
              {
                   "server_address" : "router.kr.thethings.network",
                   "serv_port_up" : 1700,
                   "serv_port_down" : 1700,
                   "serv_enabled" : true
              }
         ],
         "ref_latitude" : 36.361006,
         "ref_longitude" : 127.392937,
         "ref_altitude" : 183,
         "contact_email" : "jcyu56622@gmail.com",
         "description" : "Horticulture LORA Test"
    }
}
