{
  "gateway_conf": {
    "gateway_ID": "B827EBFFFE6DE840",
    "servers":
        [ { "server_address": "router.us.thethings.network",
            "serv_port_up": 1700,
            "serv_port_down": 1700,
            "serv_enabled": true },
          { "server_address": "127.0.0.1",
            "serv_port_up": 1680,
            "serv_port_down": 1681,
            "serv_enabled": true },
          { "server_address": "iot.semtech.com",
            "serv_port_up": 1680,
            "serv_port_down": 1680,
            "serv_enabled": true } ],
     "ref_latitude": -25.460496,
     "ref_longitude": -49.288846,
     "ref_altitude": 935,
     "contact_email": "thais.midorikawa@gmail.com",
     "description": "Radek Gateway 2"
  }
}
