{
    "gateway_conf" : {
         "gateway_ID" : "B827EBFFFE3263DA",
         "servers" : [
              {
                   "server_address" : "router.us.thethings.network",
                   "serv_port_up" : 1700,
                   "serv_port_down" : 1700,
                   "serv_enabled" : true
              }
         ],
         "ref_latitude" : 25.018843,
         "ref_longitude" : 121.542210,
         "ref_altitude" : 23,         
	 "contact_email" : "b10202010@gmail.com",
         "description" : "NTU LoRa Gateway1"
    }
}
