{
  "gateway_conf": {
    "gateway_ID": "B827EBFFFE890C0B",
    "servers": [
      {
        "server_address": "router.eu.thethings.network",
        "serv_port_up": 1700,
        "serv_port_down": 1700,
        "serv_enabled": true
      },
      {
        "server_address": "log.gatewaystats.org", 
        "serv_port_up": 1700, 
        "serv_port_down": 1700, 
        "serv_enabled": true
      }
    ],
     "ref_latitude": 53.3411881,
     "ref_longitude": -6.319105000000036,
     "ref_altitude": 30,
     "contact_email": "bronasq@gmail.com",
     "description": "Dublin IRE RPI2+"
  }
}
