{
      "gateway_conf": {
              "gateway_ID": "B827EBFFFE64A806",
              "servers": [
                        {
                                    "server_address": "router.eu.thethings.network",
                                    "serv_port_up": 1700,
                                    "serv_port_down": 1700,
                                    "serv_enabled": true
                                  }
                      ],
               "ref_latitude": 39.920000,
               "ref_longitude": 116.46000,
               "ref_altitude": 45,
               "contact_email": "distantsky.s@foxmail.com",
               "description": "test-gateway"
            }
}

