{
        "gateway_conf": {
                "gateway_ID": "B827EBFFFE78E708",
                "servers": [ { "server_address": "router.eu.thethings.network", "serv_port_up": 1700, "serv_port_down": 1700, "serv_enabled": true } ],
                "ref_latitude": 43.71632470,
                "ref_longitude": 7.26840634,
                "ref_altitude": 70,
                "gps": false,
                "contact_email": "fabien.ferrero@gmail.com",
                "description": "Valrose Nice"
        }
}
