{
	"gateway_conf": {
	 	"gateway_ID": "B827EBFFFE9DA85D",
		"servers": [ 
			{ "server_address": "router.eu.thethings.network",
				"serv_port_up": 1700,
				"serv_port_down": 1700,
				"serv_enabled": true 
			}
			],
			"ref_latitude": 49.12283917,
			"ref_longitude": 9.21187137,
			"ref_altitude": 30,
			"contact_email": "ndirlein@stud.hs-heilbronn.de",
			"description": "Gateway for a network that measures/weighs various things (in our case coffee maker) and collects their status (full, empty, etc.)" 
	}
}
