{
  "gateway_conf": {
	"gateway_ID": "B827EBFFFEA6CFAC",
    "servers": [
      {
        "server_address": "router.eu.thethings.network",
        "serv_port_up": 1700,
        "serv_port_down": 1700,
        "serv_enabled": true
      }, 
      {
        "server_address": "api.loradb.org",
        "serv_port_up": 1780,
        "serv_port_down": 1780,
        "serv_enabled": true
      }
    ],
    "ref_latitude": 51.335978,
    "ref_longitude": 4.979444,
    "ref_altitude": 440,
    "contact_email": "chris.vanbael@polteq.com",
    "description": "Polteq @ moving"
  }
}
